<project xmlns="http://maven.apache.org/POM/4.0.0" xmlns:xsi="http://www.w3.org/2001/XMLSchema-instance"
	xsi:schemaLocation="http://maven.apache.org/POM/4.0.0 http://maven.apache.org/xsd/maven-4.0.0.xsd">
	<modelVersion>4.0.0</modelVersion>
	<parent>
        <groupId>org.springframework.boot</groupId>
        <artifactId>spring-boot-starter-parent</artifactId>
		<version>1.5.2.RELEASE</version>
	</parent>
	<groupId>com.cathaypacific.teams.ibe</groupId>
	<artifactId>facade</artifactId>
	<version>2.0.0-SNAPSHOT</version>
	<properties>
		<start-class>com.cathaypacific.wdsibe.Application</start-class>
		<java.version>1.8</java.version>
		<org.springframework.version>4.3.3.RELEASE</org.springframework.version>
		<release.version>2.0.0-SNAPSHOT</release.version>
		<cepbusiness.version>2.0.0-SNAPSHOT</cepbusiness.version>
		<framework.version>2.0.0-SNAPSHOT</framework.version>
		<javax.servlet-api.version>3.1.0</javax.servlet-api.version>
		<ibe.framework.version>2.0.0-SNAPSHOT</ibe.framework.version>
		<microservice.version>1.1.7.2</microservice.version>
    	<file.system.facade.version>1.0.5</file.system.facade.version>
    	<aws.sdk.version>1.11.158</aws.sdk.version>
    	<spring.version>4.3.7.RELEASE</spring.version>
	</properties>
	
	<!-- <repositories>
	    <repository>
	        <id>my-local-repo</id>
	        <url>file://${basedir}/lib</url>
			<releases>
				<enabled>true</enabled>
				<updatePolicy>always</updatePolicy>
			</releases>
			<snapshots>
				<enabled>true</enabled>
				<updatePolicy>always</updatePolicy>
			</snapshots>
	    </repository>
	</repositories> -->
		
    <dependencies>
		
		<dependency>
		    <groupId>xerces</groupId>
		    <artifactId>xercesImpl</artifactId>
		    <version>2.11.0</version>
		</dependency>
		<!--comment CEPWebCommon when use local jar  
		<dependency>
	  		<groupId>com.cathaypacific.teams.ibe</groupId>
	  		<artifactId>CEPWebCommon</artifactId>
	  		<version>${ibe.business.version}</version>
	  	</dependency>-->
        <dependency>
            <groupId>org.springframework.boot</groupId>
            <artifactId>spring-boot-starter-web</artifactId>
			<exclusions>
				<exclusion>
					<groupId>org.springframework.boot</groupId>
					<artifactId>spring-boot-starter-logging</artifactId>
  				</exclusion>
			</exclusions>
        </dependency>
        <dependency>
			<groupId>org.springframework.boot</groupId>
			<artifactId>spring-boot-starter-aop</artifactId>
		</dependency>
        <dependency>
            <groupId>org.springframework.boot</groupId>
            <artifactId>spring-boot-starter-test</artifactId>
            <scope>test</scope>
        </dependency>
        <dependency>
            <groupId>org.springframework.boot</groupId>
            <artifactId>spring-boot-starter-actuator</artifactId>
        </dependency>
        <dependency>
			<groupId>org.springframework.boot</groupId>
			<artifactId>spring-boot-starter-log4j2</artifactId>
		</dependency>
		<!-- hibernate start -->
		<dependency>
			<groupId>org.hibernate</groupId>
			<artifactId>hibernate-validator</artifactId>
			<scope>provided</scope>
		</dependency>
		<dependency>
			<groupId>org.hibernate</groupId>
			<artifactId>hibernate-entitymanager</artifactId>
			<scope>provided</scope>
			<exclusions>
				<exclusion>
					<artifactId>ejb3-persistence</artifactId>
					<groupId>org.hibernate</groupId>
				</exclusion>
				<exclusion>
					<artifactId>javassist</artifactId>
					<groupId>javassist</groupId>
				</exclusion>
			</exclusions>
		</dependency>
		<!-- hibernate end -->
		<dependency>
			<groupId>javax.servlet</groupId>
			<artifactId>javax.servlet-api</artifactId>
			<scope>provided</scope>
		</dependency>
		<dependency>
			<groupId>javax.servlet</groupId>
			<artifactId>jstl</artifactId>
		</dependency>
		<dependency>
			<groupId>org.springframework.boot</groupId>
			<artifactId>spring-boot-starter-tomcat</artifactId>
			<scope>provided</scope>
		</dependency>
		<dependency>
			<groupId>org.apache.tomcat.embed</groupId>
			<artifactId>tomcat-embed-jasper</artifactId>
			<scope>provided</scope>
		</dependency>
		<dependency>
			<groupId>redis.clients</groupId>
			<artifactId>jedis</artifactId>
		</dependency>
		<dependency>
			<groupId>org.springframework.data</groupId>
			<artifactId>spring-data-redis</artifactId>
		</dependency>
		<dependency>
			<groupId>org.springframework.session</groupId>
			<artifactId>spring-session</artifactId>
		 </dependency>
 		<dependency>
		<groupId>org.springframework.boot</groupId>
			<artifactId>spring-boot-starter-jdbc</artifactId>
		</dependency>
		<dependency>
			<groupId>org.springframework</groupId>
			<artifactId>spring-orm</artifactId>
			<version>${spring.version}</version>
			<scope>provided</scope>
		</dependency>
		<dependency>
			<groupId>com.oracle</groupId>
			<artifactId>ojdbc7</artifactId>
			<version>12.1.0.1.0</version>
		</dependency>
		<dependency>
			<groupId>org.apache.poi</groupId>
			<artifactId>poi</artifactId>
			<version>3.0.1-FINAL</version>
		</dependency>
		<!-- mlc start -->
		<dependency>
			<groupId>com.cathaypacific.mlc</groupId>
			<artifactId>mlcCloudAddon</artifactId>
			<version>1.0.1-SNAPSHOT</version>
			<exclusions>
				<exclusion>
					<groupId>com.cathaypacific.framework</groupId>
					<artifactId>logging-framework</artifactId>
				</exclusion>
			</exclusions>
		</dependency>
		<!--<dependency>-->
			<!--<groupId>castor</groupId>-->
			<!--<artifactId>castor</artifactId>-->
			<!--<version>0.9.6</version>-->
		<!--</dependency>-->
		<dependency>
			<groupId>org.codehaus.castor</groupId>
			<artifactId>castor-xml</artifactId>
			<version>1.3.1</version>
		</dependency>
		<!-- mlc end -->


		<dependency>
			<groupId>com.cathaypacific</groupId>
			<artifactId>cx-utility</artifactId>
			<version>1.0.0</version>
		</dependency>
		<dependency>
			<groupId>com.cathaypacific</groupId>
			<artifactId>cx-excel</artifactId>
			<version>1.0.0</version>
			<exclusions>
				<exclusion>
					<groupId>poi</groupId>
					<artifactId>poi</artifactId>
				</exclusion>
			</exclusions>
		</dependency>
		<dependency>
			<groupId>org.apache.xmlrpc</groupId>
			<artifactId>xmlrpc-client</artifactId>
			<version>3.1.3</version>
		</dependency>
		<dependency>
			<groupId>org.apache.xmlrpc</groupId>
			<artifactId>xmlrpc-common</artifactId>
			<version>3.1.3</version>
		</dependency>

		<dependency>
			<groupId>com.cathaypacific</groupId>
			<artifactId>wdsbtc</artifactId>
			<version>1.0.0</version>
		</dependency>

		<dependency>
			<groupId>com.cathaypacific</groupId>
			<artifactId>cx-mailutility</artifactId>
			<version>1.0.0</version>
			<exclusions>
				<exclusion>
					<groupId>com.oracle</groupId>
					<artifactId>ojdbc14</artifactId>
				</exclusion>
			</exclusions>
		</dependency>

		<dependency>
			<groupId>chinapay</groupId>
			<artifactId>netpayclient</artifactId>
			<version>1.0.0</version>
		</dependency>

		<!-- PSC end -->

		<dependency>
			<groupId>cglib</groupId>
			<artifactId>cglib</artifactId>
			<version>2.1_3</version>
		</dependency>

		<!-- commons -->
		<dependency>
			<groupId>commons-beanutils</groupId>
			<artifactId>commons-beanutils-bean-collections</artifactId>
			<version>1.8.3</version>
		</dependency>

		<dependency>
			<groupId>org.apache.commons</groupId>
			<artifactId>commons-lang3</artifactId>
			<version>3.1</version>
		</dependency>

		<dependency>
			<groupId>commons-primitives</groupId>
			<artifactId>commons-primitives</artifactId>
			<version>1.0</version>
			<scope>compile</scope>
		</dependency>
		<!-- encryption by cppjola 20151228 -->
		<dependency>
			<groupId>cryptix</groupId>
			<artifactId>cryptix</artifactId>
			<version>3.2.0</version>
		</dependency>
		<dependency>
			<groupId>org.bouncycastle</groupId>
			<artifactId>bcprov-jdk16</artifactId>
			<version>1.44</version>
		</dependency>
		
		<!-- <dependency>
			<groupId>com.cathaypacific.ng</groupId>
			<artifactId>ng_common</artifactId>
			<version>1.0.0</version>
			<scope>provided</scope>
		</dependency> -->
		<!-- end commons -->
		
		<dependency>
			<groupId>com.google.guava</groupId>
			<artifactId>guava</artifactId>
			<version>22.0</version>
		</dependency>
		<!-- <dependency>
			<groupId>com.google.guava</groupId>
			<artifactId>guava-collections</artifactId>
			<version>r03</version>
		</dependency> -->
		<dependency>
			<groupId>org.codehaus.jackson</groupId>
			<artifactId>jackson-mrbean</artifactId>
			<version>1.9.0</version>
		</dependency>
		<dependency>
			<groupId>org.jdom</groupId>
			<artifactId>jdom</artifactId>
			<version>1.1</version>
		</dependency>
		<dependency>
			<groupId>commons-httpclient</groupId>
			<artifactId>commons-httpclient</artifactId>
			<version>3.1</version>
		</dependency>
		<!-- safeHtml -->
		<dependency>
			<groupId>org.jsoup</groupId>
			<artifactId>jsoup</artifactId>
			<version>1.6.0</version>
		</dependency>
		<!-- Utilities start -->
		<!-- Add by CPPYOW start -->
		<dependency>
			<groupId>com.cathaypacific</groupId>
			<artifactId>psc_adyen</artifactId>
			<!--ENH39881 updated by cpppep start, update psc_adyen version <version>1.0.4</version> -->
			<version>2.0.7</version>
			<!--ENH39881 updated by cpppep end -->
			<exclusions>
				<exclusion>
					<groupId>com.cathaypacific.ng</groupId>
					<artifactId>microservice-core</artifactId>
				</exclusion>
			</exclusions>
		</dependency>
		<dependency>
		    <groupId>com.cathaypacific.ng</groupId>
		    <artifactId>microservice-core</artifactId>
		    <version>${microservice.version}</version>
		</dependency>
		<!-- <dependency>
			<groupId>com.cathaypacific</groupId>
			<artifactId>psc_bibit</artifactId>
			<version>2.0.10</version>
			<exclusions>
				<exclusion>
					<groupId>xerces</groupId>
					<artifactId>xercesImpl</artifactId>
				</exclusion>
			</exclusions>
		</dependency> -->
		<!-- Add by CPPYOW end -->

		<!-- Utilities end -->
		<!-- used by log framework -->
		<dependency>
			<groupId>commons-configuration</groupId>
			<artifactId>commons-configuration</artifactId>
			<version>1.7</version>
		</dependency>
		<!-- end -->

		<!-- framework -->
		
		<dependency>
			<groupId>com.cathaypacific</groupId>
			<artifactId>sqlframework</artifactId>
			<version>1.0.0</version>
		</dependency>
		<dependency>
            <groupId>com.alibaba</groupId>
            <artifactId>fastjson</artifactId>
            <version>1.2.30</version>
		</dependency>
		
		<dependency>
			<groupId>javax.servlet.jsp</groupId>
			<artifactId>jsp-api</artifactId>
			<version>2.1</version>
			<scope>provided</scope>
		</dependency>
		<dependency>
			<groupId>com.liveprocessor</groupId>
			<artifactId>lp-client</artifactId>
			<version>5.2.1</version>
		</dependency>
		<dependency>
			<groupId>com.cathaypacific.ng</groupId>
			<artifactId>file-system-facade</artifactId>
			<version>${file.system.facade.version}</version>
		</dependency>

		<dependency>
			<groupId>commons-lang</groupId>
			<artifactId>commons-lang</artifactId>
			<version>2.6</version>
		</dependency>
		<dependency>
			<groupId>commons-io</groupId>
			<artifactId>commons-io</artifactId>
			<version>2.5</version>
		</dependency>
        <dependency>
            <groupId>com.cathaypacific.member</groupId>
            <artifactId>member-request-service-consumer</artifactId>
            <version>2.12.0</version>
        </dependency>
		<dependency>
			<groupId>com.cathaypacific.member</groupId>
			<artifactId>member-profile-service-consumer</artifactId>
			<version>2.8.0</version>
			<scope>provided</scope>
		</dependency>
		<dependency>
			<groupId>com.cathaypacific.member</groupId>
			<artifactId>member-commons</artifactId>
			<version>2.21.0</version>
			<exclusions>
				<exclusion>
					<groupId>org.powermock</groupId>
					<artifactId>powermock-core</artifactId>
				</exclusion>
			</exclusions>
		</dependency>
         
		<dependency>
            <groupId>io.springfox</groupId>
            <artifactId>springfox-swagger2</artifactId>
            <version>2.6.1</version>
        </dependency>
        <dependency>
            <groupId>io.springfox</groupId>
            <artifactId>springfox-swagger-ui</artifactId>
            <version>2.6.1</version>
        </dependency>
        <dependency>
			<groupId>com.amazonaws</groupId>
			<artifactId>aws-java-sdk-sqs</artifactId>
			<version>${aws.sdk.version}</version>
		</dependency>
    </dependencies>

	<build>
		<resources>
			<resource>
				<directory>src/main/webapp</directory>
				<includes>
					<include>**/**</include>
				</includes>
				<filtering>false</filtering>
			</resource>
			<resource>
				<directory>src/main/resources</directory>
				<includes>
					<include>**/**</include>
				</includes>
				<filtering>false</filtering>
			</resource>
			<resource>
				<directory>src/main/resources/CEPProperties</directory>
				<includes>
					<include>**/**</include>
				</includes>
				<filtering>false</filtering>
			</resource>
			<resource>
				<directory>lib</directory>
				<targetPath>BOOT-INF/lib/</targetPath>
				<includes>
					<include>**/*.jar</include>
				</includes>
			</resource>
		</resources>
			<plugins>
			<plugin>
				<groupId>org.apache.maven.plugins</groupId>
				<artifactId>maven-compiler-plugin</artifactId>
				<configuration>
					<source>1.8</source>
					<target>1.8</target>
					<encoding>UTF-8</encoding>
					<!--comment compilerArguments when use cloud artifactory  -->
					<compilerArguments>
						<extdirs>lib/</extdirs>
					</compilerArguments>
				</configuration>
			</plugin>
	            <plugin>
	                <groupId>org.springframework.boot</groupId>
	                <artifactId>spring-boot-maven-plugin</artifactId>
					<configuration>
						<mainClass>${start-class}</mainClass>
					</configuration>
	            </plugin>
			</plugins>
	</build>
</project>